<?xml version="1.0" encoding="UTF-8"?>
<!DOCTYPE mapper PUBLIC "-//mybatis.org//DTD Mapper 3.0//EN" "http://mybatis.org/dtd/mybatis-3-mapper.dtd">

<mapper namespace = "com.naver.prj1.BoardDAO">
        <sql id="boardWhere">
                <if test="keyword1 != null and keyword1.length()>0 or keyword2 != null and keyword2.length()>0">
                and(
                </if>
                <if test="keyword1 != null and keyword1.length()>0">(
                    upper(subject) like upper('%${keyword1}%')
                or
                    upper(content) like upper('%${keyword1}%')
                or
                    upper(writer) like upper('%${keyword1}%')
                or
                    upper(email) like upper('%${keyword1}%')
                or
                    to_char(reg_date, 'YYYYMMDD') like upper('%${keyword1}%')
                )
                </if>
                <if test="keyword1 != null and keyword1.length()>0 and keyword2 != null and keyword2.length()>0">
                ${orAnd}
                </if>
                <if test="keyword2 != null and keyword2.length()>0">(
                    upper(subject) like upper('%${keyword2}%')
                or
                    upper(content) like upper('%${keyword2}%')
                or
                    upper(writer) like upper('%${keyword2}%')
                or
                    upper(email) like upper('%${keyword2}%')
                or
                    to_char(reg_date, 'YYYYMMDD') like upper('%${keyword2}%')
                )
                </if>
                <if test="keyword1 != null and keyword1.length()>0 or keyword2 != null and keyword2.length()>0">
                )
                </if>
        </sql>
        
        <sql id="dayCheck">
        <if test="day != null and day.size()>0">
        and(
            <!--collection => 이 쿼리문에 참여하는 외부 데이터 중 배열 또는 List 객체의 메위주가 저장된 변수명-->
            <!--item = "반복문 돌때마다 배열객체 or List 객체 안의 데이터를 하나씩 꺼내서 저장할 지역변수명"-->
            <!--open = "반복문 시작 전에 삽입할 문자  (생략가능)"-->
            <!--close = "반복문 끝난 후에 삽입할 문자  (생략가능)"-->
            <!--separator = "반복문에 의해 표현되는 쿼리문 사이 사이에 삽일될 쿼리 일부분  (생략가능)"-->
            <!--index = "반복문 안에서 사용할 인덱스 일련 번호 저장 지역변수명  (생략가능)"-->
            <foreach item="item" index="index" collection="day"
                open="(" separator="or" close=")">
                    <if test="item.equals('오늘')">
                    to_char(REG_DATE,'YYYYMMDD') = to_char(sysdate,'YYYYMMDD')
                    </if>
                    <if test="item.equals('어제')">
                    to_char(REG_DATE,'YYYYMMDD') = to_char(sysdate-1,'YYYYMMDD')
                    </if>
                    <if test="item.equals('그제')">
                    to_char(REG_DATE,'YYYYMMDD') = to_char(sysdate-2,'YYYYMMDD')
                    </if>
                    <if test="item.equals('일주일내')">
                    to_char(REG_DATE,'YYYYMMDD') >= to_char(sysdate-7,'YYYYMMDD')
                    </if>
            </foreach>
        )
        </if>
        </sql>
    <select id="getBoardList" resultType="java.util.Map" parameterType="com.naver.prj1.BoardSearchDTO">
        select * from
        (
            select
                rownum "RNUM2",
                b1.b_no||'' "B_NO",
                b1.subject "SUBJECT", 
                b1.writer "WRITER", 
                b1.readcount||'' "READCOUNT", 
                to_char(b1.reg_date,'YYYY-MM-DD DY')||'요일' "REG_DATE",
                print_level||'' "PRINT_LEVEL"
            from 
                (
                select 
                    * 
                from 
                    board  
                <if test="sort==null or sort.length()==0">
                        order by
                    group_no desc,print_no asc
                </if>
                <if test="sort!=null and sort.length()>0">
                        order by
                    ${sort}
                </if>
                ) b1
            where
                1=1
                and
                <![CDATA[rownum <= ${selectPageNo*rowCntPerPage}]]>
                <include refid="boardWhere"></include>
                <include refid="dayCheck"></include>
        ) re
        where
        <![CDATA[re.RNUM2 >= ${(selectPageNo*rowCntPerPage)-rowCntPerPage+1}]]>
    </select>
    <select id="searchBoardCnt" parameterType="com.naver.prj1.BoardDTO" resultType="int">
        select
            count(*) "CNT"
        from
            board
        where
            1=1
            <include refid="boardWhere"></include>
            <include refid="dayCheck"></include>
    </select>
    <select id="getChildrenCnt" parameterType="com.naver.prj1.BoardDTO" resultType="int">
        select count(*) from board 
        where group_no = (select group_no from board where b_no = #{b_no})
                and print_no = (select print_no+1 from board where b_no = #{b_no})
                and print_level = (select print_level+1 from board where b_no = #{b_no})
    </select>
    <update id = "downPrintNo" parameterType="com.naver.prj1.BoardDTO">
        update board set print_no = print_no-1 
        where 
        group_no = (select group_no from board where b_no = #{b_no}) 
        and print_no > (select print_no from board where b_no = #{b_no})
    </update>

    <update id="updatePrintNo" parameterType="com.naver.prj1.BoardDTO">
        update board set print_no = print_no+1
        where 
        group_no = (select group_no from board where b_no = #{b_no}) 
        and print_no > (select print_no from board where b_no = #{b_no})
    </update>



    <select id="getBoard" parameterType="int" resultType="com.naver.prj1.BoardDTO" >
        select
            b_no,
            subject,
            writer,
            readcount,
            content,
            email,
            to_char(reg_date,'YYYY-MM-DD DY')||'요일' "REG_DATE"
        from board where b_no = #{b_no}
    </select>



    <select id="pwdMatch" parameterType="com.naver.prj1.BoardDTO" resultType="com.naver.prj1.BoardDTO" >
        select b_no, pwd from board where b_no = #{b_no}
    </select>


    <update id="updateReadCount" parameterType="int">
        update board set readcount = readcount+1 where b_no = #{b_no}
    </update>

    
    <update id="updateBoard" parameterType="com.naver.prj1.BoardDTO">
        update board set writer = #{writer},subject = #{subject},email = #{email},content = #{content} where b_no = #{b_no}
    </update>

    <delete id="deleteBoard" parameterType="int">
        delete from board where b_no = #{b_no}
    </delete>





    
    <insert id="insertBoard" parameterType="com.naver.prj1.BoardDTO">
            insert into board(
            b_no,
            subject,
            writer,
            readcount,
            content,
            pwd,
            email,
            group_no,
            print_no,
            print_level
        ) values(
            (select nvl(max(b_no),0)+1 from board), 
            #{subject},
            #{writer}, 
            0,            
            #{content}, 
            #{pwd}, 
            #{email}
            <if test="b_no==0">
            ,(select nvl(max(b_no),0)+1 from board), 
            0,
            0
            </if>
            <if test="b_no>0">
                ,(select group_no from board where b_no=#{b_no}),
                (select print_no+1 from board where b_no=#{b_no}),
                (select print_level+1 from board where b_no=#{b_no})
            </if>
        )
    </insert>
</mapper>