<?xml version="1.0" encoding="UTF-8"?>
<!DOCTYPE mapper PUBLIC "-//mybatis.org//DTD Mapper 3.0//EN" "http://mybatis.org/dtd/mybatis-3-mapper.dtd">

<mapper namespace = "com.naver.prj1.BoardDAO">
    <select id="getBoardList" resultType="java.util.Map" parameterType="com.naver.prj1.BoardSearchDTO">
        select
                *
        from
            (
                select
                rownum "PAGENUM",
                (b2.RNUM-rownum+1)||'' "RNUM",
                b1.b_no||'' "B_NO",
                b1.subject "SUBJECT", 
                b1.writer "WRITER", 
                b1.readcount||'' "READCOUNT", 
                to_char(b1.reg_date,'YYYY-MM-DD DY')||'요일' "REG_DATE",
                print_level||'' "PRINT_LEVEL"
                from 
                (select * from board order by group_no desc,print_no asc) b1, 
                (select max(rownum) "RNUM" from board) b2
                where
                1=1 and
                <![CDATA[rownum <= (${pageNum}*10)]]>
                <if test="keyword1 != null and keyword1.length()>0">
                and(
                upper(b1.subject) like upper('%${keyword1}%')
                or
                upper(b1.content) like upper('%${keyword1}%')
                or
                upper(b1.writer) like upper('%${keyword1}%')
                or
                upper(b1.email) like upper('%${keyword1}%')
                or
                to_char(b1.reg_date, 'YYYY-MM-DD DY')||'요일' like upper('%${keyword1}%')
                )
                </if>
            ) where
           <![CDATA[PAGENUM > (${pageNum}*10)-10]]>
    </select>
    <select id="searchBoardCnt" parameterType="com.naver.prj1.BoardDTO" resultType="int">
        select
            count(*) "CNT"
        from
            board
        where
            1=1
            <if test="keyword1 != null and keyword1.length()>0">
            and(
            upper(subject) like upper('%${keyword1}%')
            or
            upper(content) like upper('%${keyword1}%')
            or
            upper(writer) like upper('%${keyword1}%')
            or
            upper(email) like upper('%${keyword1}%')
            or
            to_char(reg_date, 'YYYY-MM-DD DY')||'요일' like upper('%${keyword1}%')
            )
            </if>
    </select>
    <select id="getChildrenCnt" parameterType="com.naver.prj1.BoardDTO" resultType="int">
        select count(*) from board 
        where group_no = (select group_no from board where b_no = #{b_no})
                and print_no = (select print_no+1 from board where b_no = #{b_no})
                and print_level = (select print_level+1 from board where b_no = #{b_no})
    </select>
    <update id = "downPrintNo" parameterType="com.naver.prj1.BoardDTO">
        update board set print_no = print_no-1 
        where 
        group_no = (select group_no from board where b_no = #{b_no}) 
        and print_no > (select print_no from board where b_no = #{b_no})
    </update>

    <update id="updatePrintNo" parameterType="com.naver.prj1.BoardDTO">
        update board set print_no = print_no+1
        where 
        group_no = (select group_no from board where b_no = #{b_no}) 
        and print_no > (select print_no from board where b_no = #{b_no})
    </update>



    <select id="getBoard" parameterType="int" resultType="com.naver.prj1.BoardDTO" >
        select
            b_no,
            subject,
            writer,
            readcount,
            content,
            email,
            to_char(reg_date,'YYYY-MM-DD DY')||'요일' "REG_DATE"
        from board where b_no = #{b_no}
    </select>



    <select id="pwdMatch" parameterType="com.naver.prj1.BoardDTO" resultType="com.naver.prj1.BoardDTO" >
        select b_no, pwd from board where b_no = #{b_no}
    </select>


    <update id="updateReadCount" parameterType="int">
        update board set readcount = readcount+1 where b_no = #{b_no}
    </update>

    
    <update id="updateBoard" parameterType="com.naver.prj1.BoardDTO">
        update board set writer = #{writer},subject = #{subject},email = #{email},content = #{content} where b_no = #{b_no}
    </update>

    <delete id="deleteBoard" parameterType="int">
        delete from board where b_no = #{b_no}
    </delete>





    
    <insert id="insertBoard" parameterType="com.naver.prj1.BoardDTO">
            insert into board(
            b_no,
            subject,
            writer,
            readcount,
            content,
            pwd,
            email,
            group_no,
            print_no,
            print_level
        ) values(
            (select nvl(max(b_no),0)+1 from board), 
            #{subject},
            #{writer}, 
            0,            
            #{content}, 
            #{pwd}, 
            #{email}
            <if test="b_no==0">
            ,(select nvl(max(b_no),0)+1 from board), 
            0,
            0
            </if>
            <if test="b_no>0">
                ,(select group_no from board where b_no=#{b_no}),
                (select print_no+1 from board where b_no=#{b_no}),
                (select print_level+1 from board where b_no=#{b_no})
            </if>
        )
    </insert>
</mapper>