<?xml version="1.0" encoding="UTF-8"?>
<!DOCTYPE mapper PUBLIC "-//mybatis.org//DTD Mapper 3.0//EN" "http://mybatis.org/dtd/mybatis-3-mapper.dtd">
<mapper namespace="com.seahwang.bless">
    <select id="getStaffList" parameterType="com.seahwang.bless.StaffSearchDTO" resultType="java.util.Map" >
        select
            re.* 
        from
        (select
            rownum||'' "RNUM",
            staff_no||'' "staffNo",
            staff_name "staffName",
            religion_name "religionName",
            case when substr(jumin_no,8,1) in ('1','3')
            then '남'
            else '여'
            end "staffGender",
            graduate_day "graduateDay"
            from (
         select *
        from
            staff sfaf inner join
            code_religion rel
        on
            rel.religion_code = sfaf.religion_code
        <if test="sort==null or sort.length()==0">
            order by
                staff_no
        </if>
        <if test="sort!=null and sort.length()>0">
            order by
                sfaf.${sort}
        </if>
            ) st
        where
            1=1
            and
            <![CDATA[rownum <= ${selectPage*rowCntPerPage}]]>
            <include refid="keyword"></include>
            <include refid="staffGender"></include>
            <include refid="religion"></include>
            <include refid="staffSchool"></include>
            <include refid="staffSkill"></include>
            <include refid="staffGradDay"></include>
        ) re
        where
            <![CDATA[re.RNUM >= ${(selectPage*rowCntPerPage)-rowCntPerPage+1}]]>
    </select>
    <select id="getStaffSkills" resultType="String" parameterType="java.util.HashMap" >
        SELECT 
        skill_name 
        FROM 
        staff sf INNER JOIN staff_skill ss
        ON sf.staff_no = ss.staff_no INNER JOIN code_skill cs
        ON cs.skill_code = ss.skill_code
        WHERE sf.staff_no = ${staffNo} 
    </select>
    <select id="getStaffListCntTot" resultType="int" >
        select count(*) from staff
    </select>
    <select id="getSearchStaffListCnt" parameterType="com.seahwang.bless.StaffSearchDTO" resultType="int" >
        SELECT
            count(*)
        from
            staff st inner join
            code_religion rel
        on
            rel.religion_code = st.religion_code
        where
            1=1
            <include refid="keyword"></include>
            <include refid="staffGender"></include>
            <include refid="religion"></include>
            <include refid="staffSchool"></include>
            <include refid="staffSkill"></include>
            <include refid="staffGradDay"></include>
    </select>
    <sql id="keyword">
        <if test="keyword != null and keyword.length()>0" >
            and(
                st.staff_name like '%${keyword}%' or
                st.jumin_no like '%${keyword}%' or
                religion_name like '%${keyword}%' or
                upper(#{keyword}) in ((select upper(cs.skill_name) from staff_skill ss, code_skill cs where st.staff_no = ss.staff_no and ss.skill_code = cs.skill_code))
            )
        </if>
    </sql>
    <sql id="staffGender">
        <if test="staffGender != null" >
        and(
            #{staffGender} = 
            case when substr(jumin_no,8,1) in ('1','3')
            then '남'
            when substr(jumin_no,8,1) in ('2','4') 
            then '여'
            end
        )
        </if>
    </sql>
    <sql id="religion">
        <if test="religion != null and religion > 0" >
        and(
            st.religion_code 
            = 
            ${religion}
        )
        </if>
    </sql>
    <sql id="staffSchool">
        <if test="staffSchool != null and staffSchool.size()>0">
            and(
                <foreach item="code" index="index" collection="staffSchool"
                open="(" separator="or" close=")" >
                st.school_code = ${code}
                </foreach>
            )
        </if>
    </sql>
    <sql id="staffSkill">
        <if test="staffSkill != null and staffSkill.size()>0">
            and(
                <foreach item="code" index="index" collection="staffSkill"
                open="(" separator="or" close=")" >
        	        ${code} IN (SELECT skill_code FROM staff_skill ss WHERE st.staff_no = ss.staff_no)
                </foreach>
            )
        </if>
    </sql>
    <sql id="staffGradDay">
        <if test="(startGradDay != null and startGradDay.length()>0) or endGradDay != null and endGradDay.length()>0">
            and(
                <if test="startGradDay != null and startGradDay.length()>0">
                <![CDATA[(TO_NUMBER(SUBSTR(graduate_day,1,4)||SUBSTR(graduate_day,6,2)||SUBSTR(graduate_day,9,2)) >= TO_NUMBER(${startGradDay}))]]>
                </if>
                <if test="(startGradDay != null and startGradDay.length()>0) and (endGradDay != null and endGradDay.length()>0)">
                    and
                </if>
                <if test="endGradDay != null and endGradDay.length()>0">
                <![CDATA[(TO_NUMBER(SUBSTR(graduate_day,1,4)||SUBSTR(graduate_day,6,2)||SUBSTR(graduate_day,9,2)) <= TO_NUMBER(${endGradDay}))]]>
                </if>
            )
        </if>
    </sql>
    <insert id="insertStaffInfo" parameterType="com.seahwang.bless.StaffDTO">
        insert into 
        staff(
        staff_no,
        staff_name,
        jumin_no,
        school_code,
        religion_code,
        graduate_day
        ) values(
            staff_seq.nextval,
            #{staffName},
            #{jumin_noStr},
            ${staffSchool},
            ${religion},
            #{staffGradDayStr}
        )
    </insert>
    <select id="getStaffNo" resultType="int" parameterType="com.seahwang.bless.StaffDTO" >
        select
            staff_no
        from
            staff
        where
            staff_name = #{staffName}
            and
            jumin_no = #{jumin_noStr}
    </select>
    <insert id="insertStaffSkill" parameterType="com.seahwang.bless.StaffDTO">
        insert into staff_skill
        <foreach item="code" collection="staffSkill" separator="UNION ALL" open="(" close=")" index="index" >
            select (SELECT MAX(staff_skill_no) + (1+${index}) FROM staff_skill), ${staffNo}, ${code} from DUAL
        </foreach>
    </insert>
    <select id="getStaffInfoWithId" resultType="java.util.Map" parameterType="String" >
        select
            *
        from staff
        where
        staff_no = ${id}
    </select>
    <delete id="deleteStaffInfo" parameterType="int">
        delete from staff where staff_no = ${id}
    </delete>
    <update id="updateStaffInfo" parameterType="com.seahwang.bless.StaffDTO" >
        update staff set 
        staff_name = #{staffName},
        jumin_no = #{jumin_noStr},
        school_code = ${staffSchool},
        religion_code = ${religion},
        graduate_day = #{staffGradDayStr}
        where staff_no = ${staffNo}
    </update>
    <delete id="deleteStaffSkill" parameterType="int">
        delete from staff_skill 
        where 
        staff_no = ${id} 
    </delete>
</mapper>
